id,title,industry,features
83533,Avatar: Fire and Ash,hollywood,"
                science fiction adventure fantasy sam worthington zoe saldaña sigourney weaver stephen lang oona chaplin witch clone space war tribe sequel alien transhumanism family space adventure family dynamics rival
                hollywood us en
                "
1084242,Zootopia 2,hollywood,"
                animation comedy adventure family mystery ginnifer goodwin jason bateman ke huy quan fortune feimster andy samberg snake bunny fox cop sequel anthropomorphism animals displacement buddy cop buddy comedy complex playful talking animal 3d animation embarrassed excited
                hollywood us en
                "
1228246,Five Nights at Freddy's 2,hollywood,"
                horror thriller josh hutcherson piper rubio elizabeth lail matthew lillard freddy carter killer robot pizzeria sequel serial killer security guard based on video game theme park dead children aftercreditsstinger duringcreditsstinger haunted attractions night guard animatronic possessed doll supernatural horror ghost child slasher horror android horror
                hollywood us en
                "
1512623,Risqué,hollywood,"
                action crime thriller leah gibson eloise lovell anderson silvia orduna rex adams julia strowski stripper heist revenge thriller
                hollywood us en
                "
425274,Now You See Me: Now You Don't,hollywood,"
                thriller crime mystery jesse eisenberg dominic sessa ariana greenblatt justice smith rosamund pike diamond sequel illusionist team up cliché disrespectful
                hollywood us en
                "
1439112,Muzzle: City of Wolves,hollywood,"
                action thriller mystery aaron eckhart tanya van graan karl thaning nicole fortuin adrian collins police dog lapd
                hollywood us en
                "
755898,War of the Worlds,hollywood,"
                science fiction thriller ice cube eva longoria clark gregg iman benson henry hunter hall government attack privacy surveillance cybersecurity district online privacy screenlife war
                hollywood us en
                "
1336189,Delivery Run,hollywood,"
                action thriller alexander arnold liam james collins joe gallina nadine higgin jussi lampi winter minnesota wilderness slacker salesman snow pursuit goldfish driver road rage traveling salesman american wilderness woodlands snow plow winter storm ice vehicle car delivery driver
                hollywood us en
                "
1195518,The Unholy Trinity,hollywood,"
                western adventure crime pierce brosnan samuel l. jackson brandon lessard veronica ferres gianni capaldi montana false accusations 19th century imminent execution 1870s independent film
                hollywood us en
                "
76600,Avatar: The Way of Water,hollywood,"
                action adventure science fiction sam worthington zoe saldaña sigourney weaver stephen lang kate winslet dying and death loss of loved one alien life-form resurrection dysfunctional family sequel alien planet distant future adopted child rebirth family dynamics adopted son stronger villain war stereoscopic film sentimental awestruck hopeful modest
                hollywood us en
                "
1196067,Worldbreaker,hollywood,"
                science fiction action milla jovovich luke evans billie boullet meadow williams mila harris monster climate change global warming
                hollywood us en
                "
798645,The Running Man,hollywood,"
                action thriller science fiction glen powell josh brolin colman domingo lee pace michael cera based on novel or book dark comedy survival on the run television network near future malicious depressing mean spirited dystopian future dystopian sci-fi
                hollywood us en
                "
812583,Wake Up Dead Man: A Knives Out Mystery,hollywood,"
                thriller mystery comedy daniel craig josh o'connor glenn close josh brolin mila kunis detective investigation sequel murder whodunit mysterious murder mystery upstate new york tense hopeful
                hollywood us en
                "
1242898,Predator: Badlands,hollywood,"
                action science fiction adventure elle fanning dimitrius schuster-koloamatangi ravi narayan michael homick stefan grube survival outcast alien planet thoughtful team up negative arrogant condescending farcical ridiculous
                hollywood us en
                "
533533,TRON: Ares,hollywood,"
                science fiction adventure action jared leto greta lee evan peters gillian anderson jodie turner-smith artificial intelligence (a.i.) computer program simulation computer simulation sequel business rivalry real world digital world
                hollywood us en
                "
19995,Avatar,hollywood,"
                action adventure fantasy science fiction sam worthington zoe saldaña sigourney weaver stephen lang michelle rodriguez paraplegic attachment to nature culture clash indigenous space travel space colony tribe alien planet distant future marine battle love affair scientist nature native peoples power relations tribal customs tribal people tribal chief cryonics spiritual community 22nd century save the planet racial discrimination soldiers awestruck bold exhilarated
                hollywood us en
                "
1103437,Please Don't Feed the Children,hollywood,"
                horror thriller michelle dockery zoe colletti andrew liner dean scott vazquez regan aliyah child abuse psychopath apocalypse cat and mouse children on the run dead parents child kidnapping trapped in a house prisoners grieving mother absurd orphans children orphan girl
                hollywood us en
                "
1259102,Eternity,hollywood,"
                romance comedy drama fantasy elizabeth olsen miles teller callum turner da'vine joy randolph john early afterlife romcom first love eternity introspective souls amused
                hollywood us en
                "
1234731,Anaconda,hollywood,"
                adventure comedy horror paul rudd jack black daniela melchior thandiwe newton steve zahn snake animal attack film in film jungle reptile reboot animal horror meta
                hollywood us en
                "
1387382,Hunting Season,hollywood,"
                action drama thriller mel gibson shelley hennig jordi mollà sofia hublitz a.j. buckley 
                hollywood us en
                "
1368166,The Housemaid,hollywood,"
                mystery thriller sydney sweeney amanda seyfried brandon sklenar elizabeth perkins michele morrone based on novel or book domestic abuse psychological thriller attempted rape attic housemaid adaptation absurd suspenseful mystery suspense thriller
                hollywood us en
                "
1214931,Nuremberg,hollywood,"
                history drama russell crowe rami malek michael shannon leo woodall john slattery based on novel or book nuremberg trials nuremberg, germany post world war ii historical drama 1940s distressing hermann göring
                hollywood us en
                "
1015539,Santastein,hollywood,"
                horror comedy fantasy jared korotkin ophelia rivera michael vitovich kaylie heyner damien edwards holiday christmas party santa claus christmas tree saving christmas
                hollywood us en
                "
1054867,One Battle After Another,hollywood,"
                thriller crime action leonardo dicaprio sean penn chase infiniti benicio del toro regina hall rebellion based on novel or book resistance usa–mexico border riot interracial relationship on the run xenophobia aftercreditsstinger missing daughter white supremacy anti-fascism father daughter relationship revolutionaries african american anti-racism immigration detention center
                hollywood us en
                "
1438030,Slaughterhouse 2,hollywood,"
                horror rick roessler sherry leigh jim lairmore mary grondona madi lewis 
                hollywood us en
                "
1062722,Frankenstein,hollywood,"
                drama fantasy horror oscar isaac jacob elordi christoph waltz mia goth felix kammerer monster based on novel or book supernatural surgeon mad scientist reanimation angry father son relationship mother son relationship frankenstein vindictive enthusiastic vibrant 弗兰肯斯坦
                hollywood us en
                "
1317288,Marty Supreme,hollywood,"
                drama timothée chalamet gwyneth paltrow odessa a'zion kevin o'leary abel ferrara new york city london, england paris, france cairo capitalism gas station taxi driver pregnancy hustler athens, greece ping pong car crash brussels, belgium spanking shootout jewish american police chase tokyo, japan stabbing pregnant woman post world war ii uncle nephew relationship shoe salesman scheming 1950s suite abused wife american businessman table tennis ensemble cast affair sarajevo missing dog distressing sport
                hollywood us en
                "
772,Home Alone 2: Lost in New York,hollywood,"
                comedy family adventure macaulay culkin joe pesci daniel stern catherine o'hara john heard new york city burglar holiday family relationships sequel slapstick comedy little boy home invasion family precocious child home alone mischievous child shocking aggressive christmas kids on their own child rescue depressing
                hollywood us en
                "
8871,How the Grinch Stole Christmas,hollywood,"
                family comedy fantasy jim carrey taylor momsen jeffrey tambor christine baranski bill irwin new love based on novel or book holiday christmas party village santa claus surrealism thief public humiliation christmas surreal world dr. seuss
                hollywood us en
                "
269149,Zootopia,hollywood,"
                animation adventure family comedy ginnifer goodwin jason bateman idris elba jenny slate nate torrence sheep allegory lion hippopotamus cartoon villain bullying polar bear con artist anthropomorphism revenge conspiracy urban female protagonist rookie cop missing person fable racial prejudice injustice reconciliation female villain buddy cop stereotype cartoon rabbit villain arrested discrimination cartoon bear cartoon animal inspirational cartoon fox cartoon elephant admiring amused
                hollywood us en
                "
7451,xXx,hollywood,"
                action adventure thriller crime drama vin diesel asia argento marton csokas samuel l. jackson michael roof mission biological weapon sports car cold war prague, czech republic nsa agent adrenaline junkie thrill seeker
                hollywood us en
                "
1149167,High Rollers,hollywood,"
                action crime thriller john travolta gina gershon lukas haas quavo natali yura casino heist
                hollywood us en
                "
803796,KPop Demon Hunters,hollywood,"
                fantasy music comedy animation arden cho may hong ji-young yoo ahn hyo-seop yunjin kim double life loyalty supernatural musical female friendship female protagonist demon self-doubt girl power duringcreditsstinger demon hunter girl group boy band fandom k-pop action comedy found family south korea 3d animation half demon save the world self-redemption enchant hopeful joyful k-pop group trio
                hollywood us en
                "
575265,Mission: Impossible - The Final Reckoning,hollywood,"
                action thriller adventure tom cruise hayley atwell ving rhames simon pegg esai morales mask artificial intelligence (a.i.) diving submarine espionage spy nuclear missile fake identity secret agent stunt sequel secret government organization infiltration terrorist plot fictional government agency misinformation government agency based on tv series suspenseful barco navio submarino inteligência artificial
                hollywood us en
                "
1206083,Conjuring Tapes,hollywood,"
                horror mystery samantha laurenti brenda yanez daniel outlaw robert felsted jr. greg sestero evil found footage mysterious events malevolent spirit paranormal horror
                hollywood us en
                "
1162858,The Other,hollywood,"
                horror thriller olivia macklin dylan mctee avangeline friedlander shawnee smith lily d. moore 
                hollywood us en
                "
991494,The SpongeBob Movie: Search for SquarePants,hollywood,"
                animation family comedy adventure tom kenny clancy brown rodger bumpass bill fagerbakke mark hamill based on cartoon pirate based on tv series underworld
                hollywood us en
                "
10437,The Muppet Christmas Carol,hollywood,"
                music comedy family fantasy drama michael caine dave goelz steve whitmire jerry nelson frank oz future london, england based on novel or book holiday redemption musical puppet past puppetry miser lost love ghost christmas music christmas 19th century what if grumpy man victorian era christmas eve cautionary christmas carols celebratory holiday spirit xmas eve charles dickens
                hollywood us en
                "
1061474,Superman,hollywood,"
                science fiction adventure action david corenswet rachel brosnahan nicholas hoult edi gathegi nathan fillion superhero based on comic super power aftercreditsstinger duringcreditsstinger supervillain dc universe (dcu) anti-imperialism amused
                hollywood us en
                "
1217602,London Calling,hollywood,"
                action crime comedy thriller josh duhamel aidan gillen jeremy ray taylor rick hoffman arnold vosloo south africa teenage boy contract killer action comedy comedy thriller
                hollywood us en
                "
1422096,Good Boy,hollywood,"
                horror thriller shane jensen larry fessenden arielle friedman stuart rudin anya krawcheck human animal relationship haunted house terminal illness woods evil spirit curse dog death ghost family curse pov (point of view) supernatural horror independent film
                hollywood us en
                "
617126,The Fantastic 4: First Steps,hollywood,"
                science fiction adventure action pedro pascal vanessa kirby ebon moss-bachrach joseph quinn ralph ineson strong woman superhero based on comic end of the world family super power superhero team alternative reality aftercreditsstinger duringcreditsstinger marvel cinematic universe (mcu) 1960s retrofuturism intense awestruck commanding hopeful
                hollywood us en
                "
1448560,Wildcat,hollywood,"
                action thriller crime kate beckinsale lewis tan alice krige charles dance rasmus hardiker playful embarrassed
                hollywood us en
                "
24428,The Avengers,hollywood,"
                science fiction action adventure robert downey jr. chris evans mark ruffalo chris hemsworth scarlett johansson new york city superhero shield based on comic alien invasion superhero team aftercreditsstinger duringcreditsstinger marvel cinematic universe (mcu)
                hollywood us en
                "
1363123,The Family Plan 2,hollywood,"
                action comedy mark wahlberg michelle monaghan kit harington zoe colletti van crosby europe vacation lighthearted
                hollywood us en
                "
1469354,Border Hunters,hollywood,"
                action thriller dean norris julio macias danforth comins ramón medína pía sanz absurd
                hollywood us en
                "
967941,Wicked: For Good,hollywood,"
                fantasy adventure romance ariana grande cynthia erivo jonathan bailey jeff goldblum michelle yeoh witch based on novel or book musical female friendship based on play or musical sequel con artist prequel corrupt politician nostalgic governess fantasy world witch hunt wizard political corruption illegitimate child power struggle woman in wheelchair farm girl munchkins friends to rivals interquel forgiveness and reconciliation
                hollywood us en
                "
1234821,Jurassic World Rebirth,hollywood,"
                science fiction adventure action scarlett johansson mahershala ali jonathan bailey rupert friend manuel garcia-rulfo island secret mission stranded dinosaur family genetic experiment absurd
                hollywood us en
                "
701387,Bugonia,hollywood,"
                science fiction crime emma stone jesse plemons aidan delbis stavros halkias alicia silverstone saving the world capitalism kidnapping paranoia delusion symbolism dark comedy satire remake extraterrestrial alien invasion power politics mental illness hierarchy global threat absurdism political conflict alien conspiracy ecologism social critique bewildered frustrated black comedy
                hollywood us en
                "
346364,It,hollywood,"
                horror thriller jaeden martell jeremy ray taylor sophia lillis finn wolfhard chosen jacobs small town based on novel or book clown bullying abandoned house coming of age flashback murder balloon maine school creature fear summer killer missing person death of brother well kids demonic town history
                hollywood us en
                "
1033148,Die My Love,hollywood,"
                drama jennifer lawrence robert pattinson sissy spacek lakeith stanfield nick nolte husband wife relationship based on novel or book pregnancy dark comedy surrealism rural area female protagonist car accident mental illness barking dog woman director sexless marriage domesticity mother-in-law daughter-in-law relationship defiant
                hollywood us en
                "
1230368,Springsteen: Deliver Me from Nowhere,hollywood,"
                drama music jeremy allen white jeremy strong paul walter hauser stephen graham odessa young depression based on novel or book biography mental health singer-songwriter 1980s
                hollywood us en
                "
1435092,Goodbye June,hollywood,"
                drama helen mirren kate winslet toni collette johnny flynn andrea riseborough 
                hollywood us en
                "
845781,Red One,hollywood,"
                action comedy fantasy dwayne johnson chris evans lucy liu j.k. simmons kiernan shipka rescue bounty hunter holiday kidnapping santa claus rescue mission polar bear rescue team christmas action comedy christmas eve family comedy defence team
                hollywood us en
                "
1197137,Black Phone 2,hollywood,"
                horror thriller mason thames madeleine mcgraw ethan hawke miguel mora demián bichir mask child abuse dreams sibling relationship winter child murder supernatural rocky mountains colorado sequel murder domestic abuse serial killer snow slasher based on short story child kidnapping haunted by the past snowed in 1980s 1950s astral projection masked villain brother sister relationship masked supernatural horror christian faith psychological horror nightmares horror tense frozen lake admiring foreboding christian camp
                hollywood us en
                "
911430,F1,hollywood,"
                action drama brad pitt damson idris javier bardem kerry condon tobias menzies comeback racing race car driver sport competition beforecreditsstinger rookie formula one (f1) motorsport car racing admiring sport
                hollywood us en
                "
1286185,The Carpenter's Son,hollywood,"
                horror nicolas cage noah jupe fka twigs isla johnston souheila yacoub faith greece crete carpenter temptation attica temptation of christ jesus christ supernatural horror biblical natural horror baffled inflammatory supernatural thriller faith based roman egypt
                hollywood us en
                "
157336,Interstellar,hollywood,"
                adventure drama science fiction matthew mcconaughey anne hathaway michael caine jessica chastain casey affleck rescue future spacecraft race against time artificial intelligence (a.i.) nasa time warp dystopia expedition space travel wormhole famine hibernation black hole quantum mechanics family relationships space robot astronaut scientist single father farmer space station curious space adventure time paradox cryonics father daughter relationship 2060s cornfield time manipulation admiring amused apologetic audacious enchant در میان ستاره ای در میان ستارگان
                hollywood us en
                "
507089,Five Nights at Freddy's,hollywood,"
                horror thriller josh hutcherson piper rubio elizabeth lail matthew lillard mary stuart masterson night shift child murder restaurant custody battle child in peril security guard based on video game evil child duringcreditsstinger troubled past child neglect haunted attractions animatronic abandoned building brother sister relationship supernatural horror child abduction amused horrified vibrant android horror suspense mystery youtubers
                hollywood us en
                "
1309012,Altered,hollywood,"
                science fiction action tom felton aggy k. adams elizaveta bugulova igor jijikine richard brake 
                hollywood us en
                "
1288072,Keeper,hollywood,"
                horror mystery tatiana maslany rossif sutherland birkett turton eden weiss cassandra ebner ritual cake woods cabin torture couple taunting anniversary folk horror supernatural horror psychological horror horror
                hollywood us en
                "
562,Die Hard,hollywood,"
                action thriller bruce willis alan rickman alexander godunov bonnie bedelia reginald veljohnson husband wife relationship based on novel or book s.w.a.t. fbi christmas party vault heist murder shootout los angeles, california terrorism one man army explosion police officer hostage negotiator one night lapd christmas 1980s action hero german hostages patrol officer high octane
                hollywood us en
                "
474350,It Chapter Two,hollywood,"
                horror thriller jessica chastain james mcavoy bill hader isaiah mustafa jay ryan based on novel or book clown carnival sequel remake maine creature fear lgbt ancient evil loss of a friend
                hollywood us en
                "
1087192,How to Train Your Dragon,hollywood,"
                fantasy family action adventure mason thames nico parker gerard butler nick frost gabriel howell flying vikings (norsemen) remake dragon battle warrior live action remake based on young adult novel
                hollywood us en
                "
360920,The Grinch,hollywood,"
                family comedy animation benedict cumberbatch rashida jones kenan thompson cameron seely angela lansbury holiday surrealism remake based on children's book christmas illumination dr. seuss
                hollywood us en
                "
1038392,The Conjuring: Last Rites,hollywood,"
                horror patrick wilson vera farmiga mia tomlinson ben hardy rebecca calder pennsylvania, usa supernatural exorcism haunted house sequel priest religion wedding spirit paranormal investigation ghost 1980s grim demonic mirror supernatural horror horror the conjuring universe
                hollywood us en
                "
756397,Hitpig!,hollywood,"
                animation comedy adventure family jason sudeikis lilly singh rainn wilson anitta hannah gadsby friendship bounty hunter hitman animal species futuristic admiring animal rights activist
                hollywood us en
                "
1327862,Regretting You,hollywood,"
                romance drama mckenna grace mason thames allison williams dave franco willa fitzgerald high school based on novel or book aunt niece relationship north carolina death of father car crash underage drinking tragedy family drama death of husband underage smoking death of wife complex relationship mother daughter relationship sister sister relationship grandfather grandson relationship 2000s high school romance loss of husband cinephile sentimental romantic loss and grief admiring adoring amused bold cheerful melodramatic marijuana use loss of father
                hollywood us en
                "
1233413,Sinners,hollywood,"
                horror action thriller michael b. jordan hailee steinfeld miles caton jack o'connell wunmi mosaku chicago, illinois capitalism ku klux klan musician immortality vampire surrealism sin alcoholism vampire hunter (slayer) church twins blunt estranged wife dual role cousin relationship death of daughter blues music aftercreditsstinger klansmen 1990s 1930s salvation assimilation chinese immigrant brother brother relationship southern gothic afro-descendants cousins supernatural horror playful train station mississippi frightened
                hollywood us en
                "
278,The Shawshank Redemption,hollywood,"
                drama crime tim robbins morgan freeman bob gunton william sadler clancy brown prison friendship police brutality corruption based on novel or book freedom hope prison cell delinquent redemption parole board prison escape wrongful imprisonment interracial friendship framed for murder 1940s voiceover
                hollywood us en
                "
27205,Inception,hollywood,"
                action science fiction adventure leonardo dicaprio joseph gordon-levitt ken watanabe tom hardy elliot page rescue mission dreams airplane paris, france virtual reality kidnapping philosophy spy allegory manipulation car crash heist memory architecture los angeles, california death dream world insecure subconscious intense dream
                hollywood us en
                "
597,Titanic,hollywood,"
                drama romance leonardo dicaprio kate winslet billy zane kathy bates frances fisher ship soulmates panic shipwreck atlantic ocean evacuation iceberg titanic forbidden love ocean liner based on true story rich woman poor man romance love tragedy tragic love historical fiction class differences love affair death historical event lifeboat star crossed lovers sinking ship rich snob tragic romance disaster movie 1910s
                hollywood us en
                "
1248226,Playdate,hollywood,"
                action comedy family kevin james alan ritchson sarah chalke isla fisher alan tudyk stay-at-home dad accountant action comedy clinical cliché disapproving
                hollywood us en
                "
106,Predator,hollywood,"
                science fiction action adventure thriller arnold schwarzenegger carl weathers kevin peter hall elpidia carrillo bill duke guerrilla warfare central and south america predator trap alien survival stalking creature alien invasion invisible commando prey violence
                hollywood us en
                "
11,Star Wars,hollywood,"
                adventure action science fiction mark hamill harrison ford carrie fisher peter cushing alec guinness empire galaxy rebellion android hermit smuggling (contraband) freedom rebel rescue mission space planet desert super power oppression space opera wizard totalitarianism excited exhilarated
                hollywood us en
                "
1389255,The Stranger in My Home,hollywood,"
                thriller drama sophia bush chris carmack briana price amiah miller kate rachesky based on novel or book
                hollywood us en
                "
1003596,Avengers: Doomsday,hollywood,"
                science fiction action adventure chris hemsworth vanessa kirby anthony mackie sebastian stan letitia wright superhero based on comic sequel superhero team marvel cinematic universe (mcu)
                hollywood us en
                "
671,Harry Potter and the Philosopher's Stone,hollywood,"
                adventure fantasy daniel radcliffe rupert grint emma watson richard harris tom felton witch school friend friendship london, england based on novel or book magic boarding school male friendship child hero school of witchcraft chosen one bullying school ghost fantasy world wizard pre-teen children's adventure based on young adult novel found family owl male female friendship teen fantasy
                hollywood us en
                "
81188,Rise of the Guardians,hollywood,"
                animation family fantasy action adventure chris pine alec baldwin jude law isla fisher hugh jackman new york city friendship amnesia santa claus cartoon villain easter bunny boogeyman jack frost duringcreditsstinger christmas
                hollywood us en
                "
541671,Ballerina,hollywood,"
                action thriller crime ana de armas keanu reeves ian mcshane anjelica huston gabriel byrne assassin tattoo grenade training female protagonist female assassin biting spin off flamethrower burning hunted burning building ballerina aggressive gun fight vengeance anxious knocked unconscious sisters audacious defiant sympathetic brutal violence
                hollywood us en
                "
1430593,Tinsel Town,hollywood,"
                comedy romance kiefer sutherland rebel wilson derek jacobi meera syal danny dyer small town pantomime egotism christmas actor christmas romance west end
                hollywood us en
                "
1130276,Succubus,hollywood,"
                horror thriller brendan bradley rachel cook olivia grace applegate derek smith emily kincaid 
                hollywood us en
                "
238,The Godfather,hollywood,"
                drama crime marlon brando al pacino james caan robert duvall richard s. castellano based on novel or book loss of loved one love at first sight italy gangster symbolism patriarch europe organized crime mafia religion lawyer revenge motive crime family sicilian mafia religious hypocrisy gun violence rise to power dead horse gang violence aggressive 1940s 1950s mafia war grand powerful
                hollywood us en
                "
1022787,Elio,hollywood,"
                family comedy adventure animation science fiction yonas kibreab remy edgerly zoe saldaña brad garrett brandon moon villain alien coming of age computer animation eye patch social outcast aftercreditsstinger beforecreditsstinger space adventure sattelite pre-teen amateur radio mother son relationship good versus evil 3d animation interspecies friendship clones adoring comforting pixar
                hollywood us en
                "
1175174,Fackham Hall,hollywood,"
                comedy history thomasin mckenzie ben radcliffe emma laird damian lewis katherine waterston social satire historical comedy hilarious period comedy
                hollywood us en
                "
27458,Little Darlings,hollywood,"
                comedy drama tatum o'neal kristy mcnichol armand assante matt dillon margaret blye virgin summer camp georgia coming of age teenage girl teenager
                hollywood us en
                "
1078605,Weapons,hollywood,"
                horror mystery julia garner josh brolin alden ehrenreich austin abrams benedict wong witch small town pennsylvania, usa ritual junkie teacher trance witchcraft clown makeup multiple storylines bullied dark fairy tale unstable cop complex supernatural horror mysterious disappearance spell psychological horror mystery intense evil aunt amused audacious ominous missing children
                hollywood us en
                "
1007734,Nobody 2,hollywood,"
                action thriller bob odenkirk connie nielsen john ortiz colin hanks rza assassin dark comedy sequel revenge one man army family vacation russian mafia
                hollywood us en
                "
1197306,A Working Man,hollywood,"
                action crime thriller jason statham jason flemyng merab ninidze maximilian osinski cokey falkow based on novel or book kidnapping vigilante missing person black ops construction worker criminal conspiracy
                hollywood us en
                "
5255,The Polar Express,hollywood,"
                animation adventure family fantasy tom hanks leslie zemeckis eddie deezen nona gaye peter scolari faith holiday santa claus nerd bell train beard north pole trestle ticket train travel christmas cheerful xmas
                hollywood us en
                "
533535,Deadpool & Wolverine,hollywood,"
                action comedy science fiction ryan reynolds hugh jackman emma corrin matthew macfadyen dafne keen hero superhero anti hero mutant breaking the fourth wall aftercreditsstinger duringcreditsstinger marvel cinematic universe (mcu) mutants superhero teamup
                hollywood us en
                "
601,E.T. the Extra-Terrestrial,hollywood,"
                science fiction adventure family fantasy henry thomas drew barrymore robert macnaughton peter coyote dee wallace farewell space marine operation flying saucer nasa homesickness loss of loved one extraterrestrial technology prosecution riding a bicycle halloween finger flowerpot alien single single mother alien contact homesick
                hollywood us en
                "
1274751,Blue Sun Palace,hollywood,"
                drama wu ke-xi lee kang-sheng xu haipeng min han hsieh lisha zheng woman director
                hollywood us en
                "
120,The Lord of the Rings: The Fellowship of the Ring,hollywood,"
                adventure fantasy action elijah wood ian mckellen viggo mortensen sean astin ian holm based on novel or book elves dwarf magic obsession bravery fireworks mine maze mountain castle birthday party troll battle demon blizzard uncle nephew relationship fantasy world journey ring invisibility live action and animation hero's journey wraith sword and sorcery trekking good versus evil
                hollywood us en
                "
1429520,Sidelined 2: Intercepted,hollywood,"
                romance comedy noah beck siena agudong charlie gillespie drew ray tanner james van der beek dancer based on novel or book college sequel teenage romance young adult college american football based on web novel young adult romance
                hollywood us en
                "
1042834,Eden,hollywood,"
                thriller drama jude law ana de armas daniel brühl sydney sweeney vanessa kirby paradise island isolation survival aggressive arrogant
                hollywood us en
                "
1585,It's a Wonderful Life,hollywood,"
                drama family fantasy james stewart donna reed lionel barrymore thomas mitchell henry travers small town angel suicide attempt holiday bank melancholy great depression family business  black and white nervous breakdown old house newlywed magic realism told in flashback alternative reality guardian angel high school dance christmas what if inspirational earnest hopeful sincere xmas eve
                hollywood us en
                "
411,"The Chronicles of Narnia: The Lion, the Witch and the Wardrobe",hollywood,"
                adventure family fantasy william moseley anna popplewell skandar keynes georgie henley liam neeson witch sibling relationship saving the world based on novel or book self sacrifice winter fairy tale cupboard beaver lion surrealism battle based on children's book fantasy world duringcreditsstinger 1940s high fantasy isekai based on young adult novel faun good versus evil
                hollywood us en
                "
1371185,Song Sung Blue,hollywood,"
                drama music romance hugh jackman kate hudson michael imperioli fisher stevens jim belushi based on true story based on movie tribute band milwaukee biographical drama based on documentary
                hollywood us en
                "
552524,Lilo & Stitch,hollywood,"
                family science fiction comedy maia kealoha sydney agudong chris sanders zach galifianakis billy magnussen hawaii bullying dysfunctional family alien loss of job shape shifting alien family nostalgic evil alien orphan siblings extraterrestrial animal live action remake alien spaceship animal human friendship advanced technology hilarious whimsical
                hollywood us en
                "
950387,A Minecraft Movie,hollywood,"
                family fantasy comedy adventure action jason momoa jack black sebastian eugene hansen emma myers danielle brooks friendship surrealism exploration portal miner friends survival zombie based on video game aftercreditsstinger duringcreditsstinger journey live action and animation imagination teamwork fantasy cheerful exuberant building
                hollywood us en
                "
1196573,She Rides Shotgun,hollywood,"
                action thriller crime taron egerton ana sophia heger odessa a'zion john carroll lynch david lyons based on novel or book on the run aggressive estranged daughter father daughter relationship anxious prison gang father and daughter young girl crime criminal father brisk forceful tragic urgent loss of a parent
                hollywood us en
                "
1010756,The Strangers: Chapter 2,hollywood,"
                horror thriller madelaine petsch froy gutierrez gabriel basso ema horvath brooke lena johnson ambulance sequel hospital slasher reboot masked maniac
                hollywood us en
                "
574475,Final Destination Bloodlines,hollywood,"
                horror mystery kaitlyn santa juana teo briones rya kihlstedt richard harmon owen patrick joyner restaurant gore sequel premonition fate family death psychotic taunting hard near-death experience paranoid hostile hopeless insecure 1960s satirical ironic cheating death malicious suspicious supernatural horror vindictive negative horror tense hilarious callous cruel disheartening frightened ghoulish horrified inflammatory mean spirited mocking ominous pessimistic sarcastic sardonic
                hollywood us en
                "
569094,Spider-Man: Across the Spider-Verse,hollywood,"
                animation action adventure science fiction shameik moore hailee steinfeld brian tyree henry luna lauren vélez jake johnson new york city hero sacrifice superhero villain portal based on comic sequel romance alter ego alternate dimension parenting family alternate version super power brooklyn, new york city superhero team spider bite super villain cliffhanger teenage romance young heroes teen superhero teen social issues chelsea alternate universe superhero teamup female superhero slow burn romance interdimensional travel
                hollywood us en
                "
755679,Fast X: Part 2,hollywood,"
                action crime thriller vin diesel jason statham michelle rodriguez tyrese gibson ludacris sequel racing family cars
                hollywood us en
                "
1511789,Captain Hook: The Cursed Tides,hollywood,"
                adventure action horror sean cronin ewen weatherburn cameron ashplant richard rowden destiny viva island english channel channel islands hook guernsey
                hollywood us en
                "
986056,Thunderbolts*,hollywood,"
                action science fiction adventure florence pugh sebastian stan julia louis-dreyfus lewis pullman david harbour new york city superhero villain based on comic mental health aftercreditsstinger duringcreditsstinger marvel cinematic universe (mcu) congressman vexed father daughter relationship impeachment survivor's guilt antihero ragtag band of misfits wry
                hollywood us en
                "
1167307,David,hollywood,"
                animation family drama phil wickham brandon engman asim chaudhry mick wingert mark whitten bible musical prophet david vs. goliath independent film israeli history bible prophecy biblical epic
                hollywood us en
                "
17979,A Christmas Carol,hollywood,"
                animation family fantasy drama jim carrey gary oldman colin firth robin wright cary elwes london, england based on novel or book holiday greed victorian england money ghost lesson christmas music moneylender christmas 19th century scrooge christmas eve xmas eve
                hollywood us en
                "
546554,Knives Out,hollywood,"
                comedy crime mystery daniel craig chris evans ana de armas jamie lee curtis michael shannon immigrant detective massachusetts investigation big family mansion whodunit family home murder mystery neo-noir privilege
                hollywood us en
                "
1175942,The Bad Guys 2,hollywood,"
                family comedy crime adventure animation sam rockwell marc maron awkwafina craig robinson anthony ramos based on novel or book snake wolf spider villain sequel heist anthropomorphism framed for a crime joyful
                hollywood us en
                "
1242419,Roofman,hollywood,"
                crime comedy drama channing tatum kirsten dunst ben mendelsohn lakeith stanfield juno temple based on true story true crime toy store escaped prisoner charlotte, north carolina
                hollywood us en
                "
385687,Fast X,hollywood,"
                action crime thriller vin diesel michelle rodriguez tyrese gibson ludacris john cena sequel revenge betrayal racing family cliffhanger cars bold ominous
                hollywood us en
                "
346698,Barbie,hollywood,"
                comedy adventure margot robbie ryan gosling america ferrera ariana greenblatt issa rae feminism satire patriarchy social satire based on toy female protagonist fish out of water womanhood doll fantasy world motherhood existentialism woman director misandry mother daughter relationship adventure comedy gender discrimination secret world audacious sarcastic sympathetic fantasy comedy
                hollywood us en
                "
508,Love Actually,hollywood,"
                comedy romance drama hugh grant alan rickman emma thompson liam neeson martine mccutcheon london, england usa president rock star school performance love at first sight holiday war on terror marseille, france office christmas party language barrier prime minister press conference bars and restaurants valentine's day heathrow airport multiple storylines christmas lighthearted
                hollywood us en
                "
402431,Wicked,hollywood,"
                drama romance fantasy cynthia erivo ariana grande michelle yeoh jonathan bailey ethan slater witch dancing based on novel or book college wish musical female friendship bullying based on play or musical celebrity prequel singer singing corrupt politician death in childbirth fantasy world wizard gravity discrimination ostracism woman in wheelchair musical comedy sister sister relationship belonging cautionary fantasy romantic fantasy whimsical
                hollywood us en
                "
604079,The Long Walk,hollywood,"
                science fiction thriller horror cooper hoffman david jonsson garrett wareing tut nyuot charlie plummer suicide based on novel or book competition dystopia male friendship bullying coming of age survival psychological thriller teenage boy survival horror psychological horror dystopian sci-fi
                hollywood us en
                "
5825,National Lampoon's Christmas Vacation,hollywood,"
                comedy chevy chase beverly d'angelo juliette lewis johnny galecki john randolph squirrel holiday boss rottweiler christmas tree vacation family dinner neighbor domestic life fantasy sequence lights christmas christmas bonus jello romantic adoring xmas eve
                hollywood us en
                "
808,Shrek,hollywood,"
                animation comedy fantasy adventure family mike myers eddie murphy cameron diaz john lithgow vincent cassel princess based on novel or book magic fairy tale donkey liberation lordship prince castle villain robin hood enchantment swamp parody anthropomorphism dragon woman director ogre cartoon donkey quirky comedy
                hollywood us en
                "
260514,Cars 3,hollywood,"
                animation adventure comedy family owen wilson cristela alonzo chris cooper nathan fillion larry the cable guy sports trainer villain sequel anthropomorphism travel racing high tech aftercreditsstinger cars
                hollywood us en
                "
634649,Spider-Man: No Way Home,hollywood,"
                action adventure science fiction tom holland zendaya benedict cumberbatch jacob batalon jon favreau new york city hero showdown magic loss of loved one secret identity superhero villain portal sequel vigilante superhero team masked vigilante spider web alternative reality aftercreditsstinger duringcreditsstinger marvel cinematic universe (mcu) fight for justice teen superhero superhero teamup returning hero teamwork ambiguous
                hollywood us en
                "
299536,Avengers: Infinity War,hollywood,"
                adventure action science fiction robert downey jr. chris evans chris hemsworth josh brolin mark ruffalo sacrifice magic superhero based on comic space battlefield genocide magical object super power superhero team aftercreditsstinger marvel cinematic universe (mcu) cosmic
                hollywood us en
                "
1433719,High Ground,hollywood,"
                thriller crime action charlie weber jon voight katherine mcnamara henry thomas james oliver wheatley sheriff prisoner diner border town cartel mexican cartel brutal murder corrupt police holy bible
                hollywood us en
                "
1468417,First Moon,hollywood,"
                horror thriller lauren esposito julian curtis shannon ryan soren jensen mitchell slater 
                hollywood us en
                "
1119878,Ice Road: Vengeance,hollywood,"
                action thriller drama liam neeson fan bingbing marcus thomas grace o'sullivan saksham sharma mercenary sequel mount everest suspenseful audacious embarrassed optimistic urgent
                hollywood us en
                "
155,The Dark Knight,hollywood,"
                drama action crime thriller christian bale heath ledger aaron eckhart michael caine maggie gyllenhaal sadism chaos secret identity crime fighter superhero anti hero scarecrow based on comic vigilante organized crime tragic hero anti villain criminal mastermind district attorney super power super villain neo-noir bold
                hollywood us en
                "
872585,Oppenheimer,hollywood,"
                drama history cillian murphy emily blunt matt damon robert downey jr. florence pugh husband wife relationship based on novel or book atomic bomb patriotism new mexico world war ii atomic bomb test physics biography based on true story antisemitism interrogation guilt historical event nuclear weapons communism red scare mccarthyism top secret project moral dilemma usa politics 1940s 20th century manhattan project los alamos
                hollywood us en
                "
1035259,The Naked Gun,hollywood,"
                action comedy crime liam neeson pamela anderson paul walter hauser danny huston cch pounder sequel slapstick comedy spoof reboot aftercreditsstinger duringcreditsstinger action comedy absurd amused
                hollywood us en
                "
550,Fight Club,hollywood,"
                drama thriller edward norton brad pitt helena bonham carter meat loaf jared leto dual identity rage and hate based on novel or book nihilism fight support group dystopia insomnia alter ego breaking the fourth wall split personality quitting a job dissociative identity disorder self destructiveness
                hollywood us en
                "
13,Forrest Gump,hollywood,"
                comedy drama romance tom hanks robin wright gary sinise sally field mykelti williamson new year's eve vietnam war vietnam veteran mentally disabled friendship usa president washington dc, usa post-traumatic stress disorder (ptsd) waitress based on novel or book hippie single parent parent child relationship optimism 1970s drug addiction autism alabama black panther party bus stop family relationships chameleon single mother military anti war protest 1960s college american football mother son relationship america feel-good
                hollywood us en
                "
674,Harry Potter and the Goblet of Fire,hollywood,"
                adventure fantasy daniel radcliffe rupert grint emma watson brendan gleeson michael gambon witch dying and death based on novel or book magic boarding school world cup maze mermaid school of witchcraft black magic chosen one sequel vision school tournament dragon ghost wizard teenage hero christmas based on young adult novel teen fantasy
                hollywood us en
                "
9714,Home Alone 3,hollywood,"
                comedy family alex d. linz olek krupa rya kihlstedt lenny von dohlen david thornton winter burglar bravery computer chip family relationships sequel slapstick comedy technical toy little boy home invasion precocious child home alone mischievous child christmas chicken pox kids on their own child rescue
                hollywood us en
                "
49013,Cars 2,hollywood,"
                animation family adventure comedy larry the cable guy owen wilson michael caine emily mortimer eddie izzard car race sports spy villain sequel anthropomorphism best friend british spy duringcreditsstinger grand prix loving cars
                hollywood us en
                "
974663,200% Wolf,hollywood,"
                animation adventure fantasy family action comedy samara weaving jennifer saunders ilai swindells akmal saleh peter mccallum werewolf based on children's book dog
                hollywood us en
                "
121,The Lord of the Rings: The Two Towers,hollywood,"
                adventure fantasy action elijah wood ian mckellen viggo mortensen sean astin andy serkis mission army based on novel or book elves dwarf magic obsession bravery castle reincarnation sequel battle brutality guide split personality marsh fantasy world wizard journey ring live action and animation hero's journey high fantasy wraith sword and sorcery trekking evil spell good versus evil trees winged creatures
                hollywood us en
                "
122,The Lord of the Rings: The Return of the King,hollywood,"
                adventure fantasy action elijah wood ian mckellen viggo mortensen sean astin andy serkis army based on novel or book elves dwarf magic kingdom obsession bravery castle volcano giant spider sequel honor king brutality madness split personality fantasy world wizard epic battle journey ring quest live action and animation hero's journey high fantasy wraith sword and sorcery power madness great war trekking good versus evil sword making war hopeful winged creatures armies spirits
                hollywood us en
                "
1507275,A Paw Patrol Christmas,hollywood,"
                animation family adventure luke dietz lilly bartlam lucien duncan-reid jesse gervasi courtney gilmour christmas christmas special
                hollywood us en
                "
11881,Miracle on 34th Street,hollywood,"
                comedy drama family edmund gwenn john payne maureen o'hara natalie wood philip tonge new york city court judge parent child relationship holiday department store santa claus thanksgiving psychologist lawyer little girl black and white single mother district attorney skepticism holiday season commercialism christmas loss of faith mother daughter relationship imagination
                hollywood us en
                "
603,The Matrix,hollywood,"
                action science fiction keanu reeves laurence fishburne carrie-anne moss hugo weaving gloria foster man vs machine martial arts kung fu dreams artificial intelligence (a.i.) saving the world hacker self sacrifice virtual reality fight prophecy truth philosophy dystopia insurgence simulated reality  cyberpunk dream world messiah philosophical action hero gnosticism allegory of the cave dystopian sci-fi
                hollywood us en
                "
1291608,धुरंधर,bollywood,"
                action thriller ranveer singh akshaye khanna r. madhavan arjun rampal sanjay dutt patriotism nationalism controversy gore torture terrorism gun violence bloodshed political corruption sexual assault 1990s spy thriller racial discrimination 2000s chase scene inspired by true events
                bollywood in hi
                "
1415974,रात अकेली है - द बंसल मर्डर्स,bollywood,"
                thriller mystery crime drama nawazuddin siddiqui chitrangada singh rajat kapoor revathi deepti naval 
                bollywood in hi
                "
62201,शहँशाह,bollywood,"
                action amitabh bachchan meenakshi sheshadri aruna irani rohini hattangadi supriya pathak 
                bollywood in hi
                "
1196364,थम्मा,bollywood,"
                comedy horror ayushmann khurrana rashmika mandanna nawazuddin siddiqui paresh rawal faisal malik maddock horror comedy universe (mhcu)
                bollywood in hi
                "
1109086,वॉर 2,bollywood,"
                action adventure thriller n.t. rama rao jr. hrithik roshan kiara advani ashutosh rana anil kapoor 
                bollywood in hi
                "
656908,रामायण,bollywood,"
                action drama fantasy ranbir kapoor sai pallavi ravi dubey yash sunny deol god hindu mythology
                bollywood in hi
                "
758923,बाघी ४,bollywood,"
                action romance thriller tiger shroff sanjay dutt harnaaz kaur sandhu sonam bajwa shreyas talpade 
                bollywood in hi
                "
1352528,Single Salma,bollywood,"
                comedy family huma qureshi shreyas talpade sunny singh eleanor williams kal sabir 
                bollywood in hi
                "
1190511,सितारे ज़मीन पर,bollywood,"
                comedy drama aamir khan genelia d'souza dolly ahluwalia brijendra kala happy ranajit basketball remake based on movie intellectual disability sports drama family sports drama sports comedy
                bollywood in hi
                "
1135873,GGS - Ganteng-Ganteng Sange,bollywood,"
                drama romance  
                bollywood in hi
                "
20453,3 ईडियट,bollywood,"
                drama comedy aamir khan r. madhavan sharman joshi boman irani kareena kapoor khan challenge middle class slapstick comedy coming of age flashback teacher friends engineering university subjective camera smart kid poor kid looking for friend plot twist student life advice delhi
                bollywood in hi
                "
781732,Animal,bollywood,"
                action crime drama ranbir kapoor rashmika mandanna anil kapoor bobby deol triptii dimri fistfight shootout held at gunpoint machine gun hand to hand combat action hero father son conflict complex relationship
                bollywood in hi
                "
381070,Loev,bollywood,"
                drama romance shiv panditt dhruv ganesh rishab chadha siddharth menon friendship mumbai (bombay), india visit lgbt gay theme
                bollywood in hi
                "
1548806,Chudiyan,bollywood,"
                 prem adib maya banerjee jeevan dhar gulab 
                bollywood in hi
                "
634486,Bahu Beti,bollywood,"
                 ashok kumar mala sinha joy mukherjee mehmood mumtaz askari 
                bollywood in hi
                "
205022,चेन्नई एक्सप्रेस,bollywood,"
                romance comedy action shah rukh khan deepika padukone nikitin dheer sathyaraj mukesh tiwari temple grandfather romantic rivalry ashes journey
                bollywood in hi
                "
23702,Acid Factory,bollywood,"
                action crime thriller fardeen khan manoj bajpayee aftab shivdasani irrfan khan dino morea 
                bollywood in hi
                "
1434543,एक दीवाने की दीवानियत,bollywood,"
                romance drama thriller harshvardhan rane sonam bajwa shaad randhawa sachin khedekar ananth narayan mahadevan 
                bollywood in hi
                "
272420,Bobby Jasoos,bollywood,"
                drama action comedy vidya balan ali fazal arjan bajwa supriya pathak tanvi azmi detective
                bollywood in hi
                "
447856,पैड मैन,bollywood,"
                comedy drama akshay kumar radhika apte sonam kapoor ahuja jyoti subhash mrinmayee godbole superhero village invention biography menstruation based on true story taboo based on short story dramedy social awareness
                bollywood in hi
                "
41517,Ra.One,bollywood,"
                adventure action science fiction shah rukh khan arjun rampal kareena kapoor khan armaan verma tom wu video game superhero villain science fiction action adventure
                bollywood in hi
                "
1454397,Sultana Daku,bollywood,"
                 helen dara singh ajit khan padma khanna 
                bollywood in hi
                "
360814,दंगल,bollywood,"
                drama family comedy aamir khan fatima sana shaikh sanya malhotra zaira wasim suhani bhatnagar small town strong woman sports parent child relationship empowerment abusive father feminism wrestling training biography autobiography domestic abuse fighting womanhood endurance woman vs woman fight female empowerment determination strength training overcoming fears father daughter relationship
                bollywood in hi
                "
7508,तारे ज़मीन पर,bollywood,"
                drama darsheel safary aamir khan tisca chopra tanay chheda vipin sharma jealousy parent child relationship boarding school painter father dyslexia teacher little boy india childhood teachers and students
                bollywood in hi
                "
1301055,Vampires Saga,bollywood,"
                romance fantasy horror abdul adnan zuber k. khan sana sultan bushra shaikh chetan hansraj vampire romantic fantasy
                bollywood in hi
                "
1407523,तू मेरी मैं तेरा मैं तेरा तू मेरी,bollywood,"
                romance comedy kartik aaryan ananya panday arjan panwar neena gupta jackie shroff 
                bollywood in hi
                "
897525,A Thursday,bollywood,"
                thriller crime drama yami gautam dhar atul kulkarni neha dhupia dimple kapadia karanvir sharma hostage situation hostages
                bollywood in hi
                "
228648,Mickey Virus,bollywood,"
                comedy thriller maniesh paul puja gupta manish chaudhary raghav kakkar dean alexandrou 
                bollywood in hi
                "
645370,Bypass Road,bollywood,"
                drama thriller neil nitin mukesh adah sharma shama sikander sudhanshu pandey rajit kapoor 
                bollywood in hi
                "
14159,Aaja Nachle,bollywood,"
                romance drama madhuri dixit konkona sen sharma kunal kapoor raghubir yadav dalai underdog dance performance stage show love
                bollywood in hi
                "
117788,Dharam Karam,bollywood,"
                drama rajit kapoor randhir kapoor rekha premnath malhotra dara singh 
                bollywood in hi
                "
73485,De Taali,bollywood,"
                romance comedy drama ayesha takia riteish deshmukh aftab shivdasani rimi sen hrishitaa bhatt 
                bollywood in hi
                "
331297,Dirty Politics,bollywood,"
                drama thriller naseeruddin shah mallika sherawat jackie shroff anupam kher om puri 
                bollywood in hi
                "
295129,Cover Story,bollywood,"
                thriller action family suresh gopi biju menon tabu nedumudi venu siddique 
                bollywood in hi
                "
19404,दिलवाले दुल्हनिया ले जायेंगे,bollywood,"
                comedy drama romance kajol shah rukh khan amrish puri farida jalal anupam kher family's daily life family history love-hate relationship family drama love affair curious casual
                bollywood in hi
                "
446321,Free Entry,bollywood,"
                thriller drama romance sapna sappu anil nagrath amit pachori 
                bollywood in hi
                "
1561969,बारामूला,bollywood,"
                horror manav kaul bhasha sumbli arista mehta rohaan singh neelofar hamid 
                bollywood in hi
                "
80484,Guide,bollywood,"
                romance drama dev anand waheeda rehman leela chitnis anwar hussain gajanan jagirdar husband wife relationship based on novel or book suicide attempt musical falling in love small village
                bollywood in hi
                "
273111,Alam Ara,bollywood,"
                fantasy master vithal zubeida jillo sushila prithviraj kapoor lost film
                bollywood in hi
                "
310123,Zid,bollywood,"
                thriller romance mannara chopra karanvir sharma shraddha das seerat kapoor mohan kapur love triangle obsession vertigo hit-and-run goa crime reporter erotic thriller
                bollywood in hi
                "
304071,Anjane Mein,bollywood,"
                drama family rishi kapoor neetu singh nirupa roy ranjeet bedi jagdeep 
                bollywood in hi
                "
65946,Ready,bollywood,"
                action comedy salman khan asin thottumkal paresh rawal sudesh lehri sharat saxena 
                bollywood in hi
                "
1038098,Bad Egg,bollywood,"
                 zoya hussain akshay oberoi jim sarbh sheeba chaddha shruti sridharan 
                bollywood in hi
                "
1146210,हाउसफ़ूल 5,bollywood,"
                comedy mystery thriller akshay kumar riteish deshmukh abhishek bachchan jacqueline fernandez nargis fakhri sequel cruise ship murder mystery comedy of errors party joyful
                bollywood in hi
                "
21224,Barah Aana,bollywood,"
                comedy drama naseeruddin shah tannishtha chatterjee violante placido vijay raaz arjun mathur 
                bollywood in hi
                "
918929,Wrong Number,bollywood,"
                mystery thriller parvin dabas yash tonk richa pallod rinku ghosh vrajesh hirjee 
                bollywood in hi
                "
499244,Ram Shastra,bollywood,"
                 jackie shroff aditya pancholi manisha koirala deepti bhatnagar anupam kher 
                bollywood in hi
                "
56534,Knock Out,bollywood,"
                crime action thriller mystery sanjay dutt irrfan khan kangana ranaut gulshan grover sushant singh 
                bollywood in hi
                "
1276203,Jungle Beauty,bollywood,"
                action adventure music puneet issar kunickaa sadanand joshina bob christo action adventure
                bollywood in hi
                "
618166,Kotwal Saab,bollywood,"
                action crime drama shatrughan sinha aparna sen sudhir 
                bollywood in hi
                "
268941,Andaz,bollywood,"
                 rajesh khanna shammi kapoor hema malini simi garewal ajit khan 
                bollywood in hi
                "
487228,Karamati Coat,bollywood,"
                comedy irrfan khan veerendra saxena om raut surekha sikri kishore nandlaskar 
                bollywood in hi
                "
477859,Chupke Se,bollywood,"
                 reema lagoo rati agnihotri tinnu anand om puri masumeh makhija 
                bollywood in hi
                "
7509,Water,bollywood,"
                drama romance lisa ray sarala john abraham seema biswas waheeda rehman widow site of pilgrimage hinduism mahatma gandhi varanasi child bride woman director
                bollywood in hi
                "
21614,Hera Pheri,bollywood,"
                comedy crime akshay kumar suniel shetty paresh rawal tabu gulshan grover 
                bollywood in hi
                "
166258,Road,bollywood,"
                thriller vivek oberoi antara mali manoj bajpayee makrand deshpande sayaji shinde road movie
                bollywood in hi
                "
912013,Rakta Bandhan,bollywood,"
                action comedy crime drama rati agnihotri birbal mithun chakraborty dinesh hingoo jagdeep 
                bollywood in hi
                "
1059007,Agra,bollywood,"
                drama priyanka bose rahul roy vibha chibber mohit agarwal aanchal goswami 
                bollywood in hi
                "
269758,Ladies Tailor,bollywood,"
                comedy rajpal yadav kim sharma hina tasleem 
                bollywood in hi
                "
972116,The Conversion,bollywood,"
                 vindhya tiwary prateek shukla ravi bhatia vibha chibber sunita rajwar 
                bollywood in hi
                "
1241634,सैयारा,bollywood,"
                romance drama music ahaan panday aneet padda alam khan geeta agrawal sharma rajesh kumar romantic romance musical young adult romance
                bollywood in hi
                "
721048,Bell Bottom,bollywood,"
                action thriller akshay kumar huma qureshi adil hussain lara dutta vaani kapoor spy dubai airplane hijacking 1980s raw agent indian prime minister pakistani intelligence service
                bollywood in hi
                "
20534,Murder,bollywood,"
                drama thriller mallika sherawat emraan hashmi ashmit patel raj zutshi kashmera shah adultery infidelity remake dysfunctional marriage murder extramarital affair neglected wife unhappy marriage
                bollywood in hi
                "
1124876,Ulajh,bollywood,"
                drama thriller janhvi kapoor gulshan devaiah roshan mathew meiyang chang adil hussain spy thriller
                bollywood in hi
                "
357830,Prem Deewane,bollywood,"
                action romance pooja bhatt vivek mushran jackie shroff madhuri dixit bharat bhushan 
                bollywood in hi
                "
321428,Dus Lakh,bollywood,"
                 om prakash babita kapoor sanjay khan pran sikand helen 
                bollywood in hi
                "
71294,New Delhi,bollywood,"
                romance drama kishore kumar vyjayanthimala jabeen jalil prabhu dayal nana palsikar delhi, india
                bollywood in hi
                "
1196943,छावा,bollywood,"
                history action drama vicky kaushal rashmika mandanna akshaye khanna ashutosh rana divya dutta biography historical drama 17th century historical epic
                bollywood in hi
                "
340736,Khuda Kasam,bollywood,"
                action drama tabu sunny deol farida jalal govind namdeo ashish vidhyarthi 
                bollywood in hi
                "
150009,Rajdhani Express,bollywood,"
                action drama thriller leander paes jimmy shergill priyanshu chatterjee gulshan rai sayali bhagat train
                bollywood in hi
                "
347897,Guddu Rangeela,bollywood,"
                 arshad warsi amit sadh ronit roy aditi rao hydari rajiv gupta 
                bollywood in hi
                "
131146,Dance Dance,bollywood,"
                action music mithun chakraborty mandakini amrish puri shakti kapoor smita patil 
                bollywood in hi
                "
331298,Hey Bro,bollywood,"
                action comedy drama ganesh acharya maninder singh nupur sharma kurush deboo prem chopra 
                bollywood in hi
                "
106123,Elaan,bollywood,"
                drama action thriller crime akshay kumar madhoo amrish puri farida jalal dalip tahil 
                bollywood in hi
                "
41968,The Deceivers,bollywood,"
                adventure pierce brosnan shashi kapoor saeed jaffrey helena michell keith michell muslim tiger secret society hindu arrest colonel revenge murder wedding india 19th century
                bollywood in hi
                "
853342,Captain India,bollywood,"
                 kartik aaryan 
                bollywood in hi
                "
426780,डोंगरी Ka राजा,bollywood,"
                romance action drama ashmit patel gashmeer mahajani reecha sinha ronit roy ashwini kalsekar based on true story revenge police officer
                bollywood in hi
                "
266310,Kaanchi,bollywood,"
                drama music romance kartik aaryan mishti chakravarty rishi kapoor mithun chakraborty sahil vaid 
                bollywood in hi
                "
413610,Sajan,bollywood,"
                romance mystery manoj kumar asha parekh om prakash madan puri shatrughan sinha murder
                bollywood in hi
                "
358966,Jurm,bollywood,"
                crime romance action vinod khanna meenakshi sheshadri sangeeta bijlani shafi inamdar anang desai 
                bollywood in hi
                "
872906,जवान,bollywood,"
                action crime thriller shah rukh khan nayanthara vijay sethupathi deepika padukone sanjay dutt revenge vigilantism political admiring
                bollywood in hi
                "
465074,Himalay Putra,bollywood,"
                romance drama akshaye khanna anjala zaveri vinod khanna hema malini danny denzongpa 
                bollywood in hi
                "
480654,Aakhri Cheekh,bollywood,"
                horror vijay arora birbal anil dhawan vijayendra ghatge poonam das gupta 
                bollywood in hi
                "
338644,Abdullah,bollywood,"
                action drama romance raj kapoor sanjay khan sanjeev kumar zeenat aman danny denzongpa 
                bollywood in hi
                "
522387,Aakhri Badla,bollywood,"
                adventure action tom alter yogeeta bali mithun chakraborty prem chopra anil chatterjee 
                bollywood in hi
                "
1292128,Culture Vulture,bollywood,"
                comedy shaurya tyagi suchitra pillai rashi mal katie iqbal cameron crowe 
                bollywood in hi
                "
1227739,होमबाउंड,bollywood,"
                drama ishaan khatter vishal jethwa janhvi kapoor shalini vatsa pankaj dubey 
                bollywood in hi
                "
911597,Dhoop Chhaon,bollywood,"
                drama sanjeev kumar hema malini yogeeta bali om shivpuri nazir hussain 
                bollywood in hi
                "
493958,College Campus,bollywood,"
                 ramnita chaudhry mohan joshi ashraf khan mushtaq khan govind namdeo 
                bollywood in hi
                "
343987,Dana Paani,bollywood,"
                drama mithun chakraborty padmini kolhapure nirupa roy ashok kumar aruna irani 
                bollywood in hi
                "
55627,100 Days,bollywood,"
                romance thriller jackie shroff madhuri dixit javed jaffrey laxmikant berde moon moon sen remake
                bollywood in hi
                "
530154,Lust Stories,bollywood,"
                drama romance kiara advani radhika apte akash thosar randeep jha bhumi pednekar anthology
                bollywood in hi
                "
46407,Mixed Doubles,bollywood,"
                comedy drama romance konkona sen sharma ranvir shorey koel purie rajat kapoor saurabh shukla swinger swapping couple
                bollywood in hi
                "
922860,Teesra Kinara,bollywood,"
                romance raj babbar smita patil anita raj manmohan kanwarjeet paintal 
                bollywood in hi
                "
421515,Saat Uchakkey,bollywood,"
                comedy manoj bajpayee aditi sharma kay kay menon anupam kher vijay raaz 
                bollywood in hi
                "
1224036,Apne Dushman,bollywood,"
                crime drama mystery dharmendra sanjeev kumar rakesh pandey imtiaz khan dev kumar 
                bollywood in hi
                "
316162,Kacha Chor,bollywood,"
                 rekha randhir kapoor helen ranjeet bedi jagdeep 
                bollywood in hi
                "
353810,Positive,bollywood,"
                drama family shabana azmi boman irani arjun mathur short film
                bollywood in hi
                "
304527,Angaaray,bollywood,"
                adventure crime romance rajesh khanna smita patil raj babbar shakti kapoor alankar joshi 
                bollywood in hi
                "
165066,Dil Kya Kare,bollywood,"
                drama romance ajay devgn kajol mahima chaudhry chandrachur singh farida jalal 
                bollywood in hi
                "
331389,Meri Adalat,bollywood,"
                action thriller rajinikanth zeenat aman mohnish behl sonia sahni kader khan 
                bollywood in hi
                "
1470813,Plus Minus,bollywood,"
                drama bhuvan bam divya dutta raj singh chaudhary neelu kohli santosh kumar singh short film
                bollywood in hi
                "
1076505,Vikramaditya,bollywood,"
                history drama prithviraj kapoor ratnamala baburao pendharkar prem adib ranjana 
                bollywood in hi
                "
73259,Armaan,bollywood,"
                drama romance amitabh bachchan anil kapoor preity zinta gracy singh aamir bashir woman director
                bollywood in hi
                "
37951,Raajneeti,bollywood,"
                drama thriller ajay devgn ranbir kapoor manoj bajpayee katrina kaif arjun rampal 
                bollywood in hi
                "
304977,Dhoop Chhaon,bollywood,"
                drama krishna chandra dey biswanath bhaduri vikram kapoor trilok kapoor pahadi sanyal kidnapping
                bollywood in hi
                "
461789,Farz,bollywood,"
                action crime drama thriller sunny deol preity zinta jackie shroff om puri pooja batra 
                bollywood in hi
                "
844710,Collar Bomb,bollywood,"
                crime thriller jimmy shergill asha negi rajshri deshpande sparsh shrivastava ajay purkar 
                bollywood in hi
                "
1047739,Armaan,bollywood,"
                 raj babbar shakti kapoor shammi kapoor kalpana iyer ranjeeta kaur 
                bollywood in hi
                "
302537,Jawab,bollywood,"
                action drama romance raaj kumar karisma kapoor mukesh khanna farida jalal harish kumar 
                bollywood in hi
                "
315161,Kala Pani,bollywood,"
                drama dev anand madhubala nalini jaywant agha nazir hussain 
                bollywood in hi
                "
112936,Bol Bachchan,bollywood,"
                comedy action abhishek bachchan ajay devgn asin thottumkal prachi desai archana puran singh 
                bollywood in hi
                "
1367408,Abir Gulaal,bollywood,"
                romance comedy fawad khan vaani kapoor ridhi dogra lisa haydon farida jalal 
                bollywood in hi
                "
106148,A Flat,bollywood,"
                drama horror romance jimmy shergill sanjay suri nassar abdulla 
                bollywood in hi
                "
190940,Bombay Talkies,bollywood,"
                drama romance rani mukerji randeep hooda saqib saleem nawazuddin siddiqui sadashiv amrapurkar anthology woman director
                bollywood in hi
                "
485318,Mem Sahib,bollywood,"
                drama meena kumari kishore kumar shammi kapoor kumkum mehmood 
                bollywood in hi
                "
591932,Naaka Bandi,bollywood,"
                action crime drama romance dharmendra chunky pandey sonam sridevi sadashiv amrapurkar 
                bollywood in hi
                "
1160018,किल,bollywood,"
                action crime thriller drama lakshya lalwani raghav juyal tanya maniktala ashish vidhyarthi abhishek chauhan train one man army relationship train robbery aggressive action hero high octane
                bollywood in hi
                "
129652,Jhutha Sach,bollywood,"
                drama dharmendra rekha amrish puri aruna irani jugal hansraj 
                bollywood in hi
                "
166255,Jungle,bollywood,"
                romance action thriller fardeen khan urmila matondkar suniel shetty sushant singh rajpal yadav kidnapping ransom demand
                bollywood in hi
                "
543932,Kasam,bollywood,"
                action drama anil kapoor gulshan grover poonam dhillon puneet issar satyendra kapoor 
                bollywood in hi
                "
1193457,Aabroo,bollywood,"
                comedy crime drama romance ashok kumar vimi rehman khan shashikala nirupa roy trial lawyer doctor courtroom
                bollywood in hi
                "
488782,Muzaffarnagar 2013,bollywood,"
                romance action drama dev sharma aishwarya devan anil george ravi khanna gang war sharpshooter
                bollywood in hi
                "
1239134,Bhooth Bangla,bollywood,"
                horror comedy akshay kumar paresh rawal tabu wamiqa gabbi jisshu sengupta 
                bollywood in hi
                "
770578,Dial 100,bollywood,"
                mystery thriller manoj bajpayee neena gupta sakshi tanwar svar kamble nandu madhav 
                bollywood in hi
                "
305906,Prem Bandhan,bollywood,"
                romance rajesh khanna rekha moushumi chatterjee helen keshto mukherjee 
                bollywood in hi
                "
506065,Professor Pyarelal,bollywood,"
                action dharmendra zeenat aman simi garewal shammi kapoor amjad khan 
                bollywood in hi
                "
452690,Shiva Shakti,bollywood,"
                drama action crime shatrughan sinha govinda anita raj kimi katkar gulshan grover masala
                bollywood in hi
                "
340771,Mulzim,bollywood,"
                drama jeetendra hema malini shatrughan sinha kimi katkar kader khan 
                bollywood in hi
                "
1526948,Har Jeet,bollywood,"
                 kanan devi pahadi sanyal meera dutta chhaya devi nawab 
                bollywood in hi
                "
331390,Mr Azaad,bollywood,"
                 anil kapoor niki aneja walia shakti kapoor kader khan ishrat ali 
                bollywood in hi
                "
232827,Yalgaar,bollywood,"
                action drama feroz khan sanjay dutt kabir bedi manisha koirala nagma 
                bollywood in hi
                "
1511361,Main Hari,bollywood,"
                 naseem banu navin yagnik maya eruch tarapore hari shivdasani 
                bollywood in hi
                "
141557,Maa,bollywood,"
                horror jeetendra jaya prada aruna irani sahila chaddha gulshan grover 
                bollywood in hi
                "
304066,Afsana,bollywood,"
                 ashok kumar padmini pradeep kumar helen anwar hussain 
                bollywood in hi
                "
1194612,Durgesh Nandini,bollywood,"
                fantasy music drama pradeep kumar ajit khan nalini jaywant bina rai nigar sultana 
                bollywood in hi
                "
158780,Run,bollywood,"
                 abhishek bachchan bhumika chawla mahesh manjrekar vijay raaz mukesh rishi 
                bollywood in hi
                "
309089,Aman,bollywood,"
                drama adventure romance rajendra kumar saira banu balraj sahni chetan anand om prakash 
                bollywood in hi
                "
1086725,Tees,bollywood,"
                drama science fiction naseeruddin shah huma qureshi manisha koirala kalki koechlin neeraj kabi cyberpunk political drama
                bollywood in hi
                "
496318,Krrish 4,bollywood,"
                action science fiction hrithik roshan priyanka chopra jonas preity zinta rekha vivek oberoi 
                bollywood in hi
                "
